10teams.mps.gz,916.9999999999999,119.859
116_205_1262_66.mps.gz,176.0000000000004,848.941
121_147_1345_33.mps.gz,119.99999999999977,677.797
121_147_1345_33_pp.mps.gz,120.0000000000004,354.754
22433.mps.gz,21240.52617079889,112.602
23588.mps.gz,7649.866133822498,113.094
23844-T1_0.mps.gz,376993.3333333333,416.551
2club200v15p5scn.mps.gz,-121.2222222222222,124.449
30_70_45_05_100.mps.gz,8.099999999999206,148.852
30n20b8.mps.gz,1.5664076455877114,152.930
50v-10.mps.gz,2879.0656868536717,116.895
a05100.mps.gz,1697.7272727272727,116.195
a10100.mps.gz,1358.556923076923,116.320
A-1.mps.gz,3100022.0,169.520
a2864-99blp.mps.gz,-282.9604743082995,1690.297
a2c1s1.mps.gz,730.2074999999998,124.012
A-2.mps.gz,5600038.0,214.914
A-4-cuts.mps.gz,43.89357640250216,237.691
A-5.mps.gz,105.06104855621797,255.891
academictimetablebig.mps.gz,25.444444444444443,656.059
academictimetablesmall.mps.gz,0.0,335.996
acc-tight2.mps.gz,0.0,124.238
acc-tight4.mps.gz,0.0,121.809
acc-tight5.mps.gz,0.0,134.789
adult-max5features.mps.gz,0.08131607920112323,200.191
air03.mps.gz,338864.25,140.617
air04.mps.gz,55535.4363882243,143.164
air05.mps.gz,25877.609267851418,134.188
aligninq.mps.gz,2654.7368022053315,119.555
allcolor10.mps.gz,6.0,179.699
allcolor58.mps.gz,42.00000000000001,391.773
app1-1.mps.gz,-22.824355359110093,125.125
app3.mps.gz,5627412.287938101,121.078
ash608gpia-3col.mps.gz,2.0,180.746
assign1-10-4.mps.gz,353.99292647113504,133.609
assign1-5-8.mps.gz,183.36255497382194,114.258
atlanta-ip.mps.gz,81.24319882513115,322.102
atm20-100.mps.gz,2141734.684877532,135.035
attfInst1.mps.gz,189.00000000000003,119.512
attfInst2.mps.gz,333.00000000000006,126.844
attfInst3.mps.gz,414.00000000000006,123.301
attfInst4.mps.gz,642.9999999999998,126.852
attfInstA.mps.gz,190.0,122.102
attfInstC.mps.gz,405.0,142.441
attfInstD.mps.gz,635.5000000000003,140.832
australia_ABS_L1-CTA.mps.gz,0.0,163.059
b2c1s1.mps.gz,4034.2183333333314,126.164
bab1.mps.gz,-286923.824223,281.422
bab2.mps.gz,-432165.72655860044,478.684
bab3.mps.gz,-733091.1804432153,849.008
bab5.mps.gz,-124657.6414132251,167.137
bab6.mps.gz,-321641.35874872236,309.828
bacasp.mps.gz,0.0,223.340
b-ball.mps.gz,-1.8181818181818181,111.758
beavma.mps.gz,155777.62784710378,113.328
bell5.mps.gz,8608417.946508028,112.152
berlin_5_8_0.mps.gz,52.0,118.949
bg512142.mps.gz,144364.0738152496,119.387
biella1.mps.gz,3060037.4307631077,142.016
bienst1.mps.gz,11.724137931034482,115.523
binkar10_1.mps.gz,6637.188026943755,119.188
bjorn1.mps.gz,687.1380958416123,121.789
bl15_t.mps.gz,32220.0,229.375
blend2.mps.gz,6.915675114009085,111.547
bley_xl1.mps.gz,154.39020000000008,598.762
blp-ar98.mps.gz,5891.22658029485,168.824
blp-ic97.mps.gz,3846.358667053333,145.523
blp-ic98.mps.gz,4331.168352598078,163.750
blp-ir98.mps.gz,2235.20232309619,135.270
BMOIPR2.mps.gz,-46628940.711140774,154.203
bnatt400.mps.gz,0.0,147.895
bppc4-08.mps.gz,51.58999999999999,120.207
bppc6-02.mps.gz,108.33999999999996,156.750
bppc6-06.mps.gz,200.6333333333333,135.691
bppc8-02.mps.gz,486.5,111.691
bppc8-09.mps.gz,444.4360465116279,113.965
br1.mps.gz,54.9,123.828
br3.mps.gz,102.59999999999997,132.355
br5.mps.gz,380.9,188.316
brasil.mps.gz,2208.7083333333326,125.984
BrazilInstance2.mps.gz,3.9999999999999036,155.645
buildingenergy.mps.gz,33246.215058898524,543.977
c10400.mps.gz,5591.103878905595,120.824
c20400.mps.gz,4774.150442476892,123.613
cap6000.mps.gz,-2451537.3250240455,131.148
cargo_07.mps.gz,0.0,147.281
cdc7-4-3-2.mps.gz,-381.0000000000002,273.914
cdma.mps.gz,-6.382890198082084e+16,168.625
chromaticindex1024-7.mps.gz,3.0,319.102
chromaticindex128-5.mps.gz,3.0000000000000004,146.703
chromaticindex512-7.mps.gz,2.999999999999999,236.512
circ10-3.mps.gz,140.0,192.488
ci-s4.mps.gz,4.963809137330339,170.148
cl_06_020_03.mps.gz,184.12333333333336,155.004
cl_06_020_09.mps.gz,175.89666666666656,152.109
cl_08_020_01.mps.gz,484.01515151515144,116.988
cl_08_020_03.mps.gz,441.4733333333334,119.113
cl_08_020_04.mps.gz,444.8941798941799,118.496
cl_08_020_06.mps.gz,474.5652173913043,117.574
cl_08_020_07.mps.gz,338.71296296296305,119.719
cl_08_020_10.mps.gz,310.62,120.023
cmflsp40-36-2-10.mps.gz,61740119.88886102,193.156
cmflsp50-24-8-8.mps.gz,54633108.509346716,142.824
co-100.mps.gz,917102.2144266693,322.242
cod105.mps.gz,-18.285714285714278,135.680
comp05_2idx.mps.gz,0.0,162.266
comp07_3idx.mps.gz,0.0,490.582
comp09_3idx.mps.gz,0.0,238.684
comp11_2idx.mps.gz,0.0,137.371
comp12_3idx.mps.gz,3.0000000000000004,357.277
comp18_2idx.mps.gz,0.0,143.027
compact_abz5.mps.gz,859.0,117.992
core2536-691.mps.gz,688.4760340423479,180.148
core2586-950.mps.gz,935.9218205677992,159.562
core4284-1064.mps.gz,1054.0544912748428,207.508
core4872-1529.mps.gz,1509.718561053802,200.801
cost266-UUE.mps.gz,20161515.663928583,122.488
cov1075.mps.gz,17.142857142857146,113.781
cryptanalysiskb128n5obj16.mps.gz,0.0,327.117
csched008.mps.gz,171.0,120.551
csched010.mps.gz,332.4227272727273,118.379
cvs16r128-89.mps.gz,-127.99999999999817,128.207
cvs16r70-62.mps.gz,-69.9999999999992,124.902
d10200.mps.gz,12425.58300545183,127.582
d801600.mps.gz,97033.99999999993,283.395
da_BPWC_3_8_4.mps.gz,76.56730000000002,975.145
da_BPWC_3_8_4_pp.mps.gz,76.56729999999934,800.445
dale_L1-CTA.mps.gz,0.0,170.848
dano3_5.mps.gz,576.2316202745685,167.809
dano3mip.mps.gz,576.2316202745685,169.223
danoint.mps.gz,62.637280418450764,117.695
datt256.mps.gz,255.99999999999912,518.848
dc1c.mps.gz,1754946.8636381591,159.305
dc1l.mps.gz,1744591.6929417702,242.953
dcmst_v20a50d4.mps.gz,288.0534099616859,122.816
dcmulti.mps.gz,183975.53969317526,115.617
decomp1.mps.gz,-120.0,138.246
dfn-bwin-DBE.mps.gz,17890.946197714282,118.680
dfn-gwin-UUM.mps.gz,27467.257234726694,116.629
dg012142.mps.gz,757818.4801144676,127.723
disctom.mps.gz,-5000.000000000001,132.105
dolom1.mps.gz,6556066.068315313,156.055
draw-gemcutter.mps.gz,1340.0,113.625
draw-product.mps.gz,4217.0,120.555
drayage-25-27.mps.gz,26785.79704284667,137.195
ds-big.mps.gz,86.82006842337762,484.867
dsbmip.mps.gz,-305.19817500948193,119.445
ds.mps.gz,57.234565259439286,291.602
dt_optimization.mps.gz,201.8539041101264,177.957
dws012-03.mps.gz,1469.6000000000001,243.344
e20100.mps.gz,8359.582040205076,115.809
e40400.mps.gz,44523.42860497672,135.332
eil33-2.mps.gz,811.2789961228071,125.578
eilA101-2.mps.gz,803.3738883297608,317.121
eilA76.mps.gz,828.7084130540892,116.090
eilB101.2.mps.gz,1066.5866355547696,249.508
eilB101.mps.gz,1075.2476907784417,121.969
eilB76.mps.gz,1021.1851707445115,116.145
eilC76-2.mps.gz,725.7544578514297,205.770
eilC76.mps.gz,732.0147501303672,117.945
eilD76.2.mps.gz,672.5465467573284,220.766
eilD76.mps.gz,680.5389965303522,118.484
ej.mps.gz,1.0,113.152
enigma.mps.gz,0.0,111.531
enlight14.mps.gz,0.0,112.051
enlight_hard.mps.gz,0.0,112.715
ensemble1.mps.gz,-2677.0066006600655,150.895
erd_FMAS12_1st_phase.mps.gz,26953.0,165.871
etDecsiDeenpDeeltEa.mps.gz,0.0,163.926
eva1aprime5x5opt.mps.gz,-497.24772933423293,160.285
eva1aprime6x6opt.mps.gz,-495.49242973392836,229.352
ex1010-pi.mps.gz,220.6700870448367,167.512
ex10.mps.gz,100.00000000000055,869.430
ex9.mps.gz,81.00000000000007,455.434
exp-1-500-5-5.mps.gz,28427.048404552133,116.922
f2000.mps.gz,1330.999999999985,160.020
f2gap201600.mps.gz,76429.86229621104,115.961
f2gap401600.mps.gz,82274.2374341957,116.277
f2gap40400.mps.gz,20650.898153963255,111.078
f2gap801600.mps.gz,86570.12086656285,116.449
fast0507.mps.gz,172.1455666765488,216.262
fastxgemm-n2r6s0t2.mps.gz,27.0,117.668
fastxgemm-n3r22s4t6.mps.gz,83.99999999999997,435.953
fhnw-binpack4-4.mps.gz,0.0,113.488
fhnw-binpack4-77.mps.gz,0.0,130.094
fhnw-binschedule0.mps.gz,12632.888779144958,707.809
fhnw-binschedule1.mps.gz,33392.8946140491,1709.141
fhnw-binschedule2.mps.gz,1706.8862544362544,150.914
fhnw-schedule-paira100.mps.gz,-36.643680874092354,136.078
fhnw-schedule-paira400.mps.gz,-146.9410786111565,434.258
fhnw-schedule-pairb200.mps.gz,-73.8264792090405,253.930
fhnw-schedule-pairb400.mps.gz,-146.9410786111565,640.949
fhnw-schedule-slot-200.mps.gz,-73.8264792090405,235.219
fhnw-sq2.mps.gz,0.0,116.316
fiball.mps.gz,137.06916764361077,166.012
fiber.mps.gz,156082.5175925926,117.715
fixnet6.mps.gz,1200.884,114.652
flugpl.mps.gz,1167185.7255923203,113.355
Forum-21b6b8af-1736-4383-aa06-634a568ed3f5.mps.gz,1.4623407373999284,158.117
Forum-e7dc26bf-753c-4e8e-a07b-63d9a200bc58.mps.gz,-76799.99999999997,136.746
g.31.8.mps.gz,-27.0,216.918
gen-ip002.mps.gz,-4840.541961300888,114.242
gen_ip_003.mps.gz,-2617.390732677057,111.691
gen_ip_004.mps.gz,15560.303483073623,112.566
gen_ip_005.mps.gz,-8154.836920304866,113.480
gen-ip016.mps.gz,-9505.6281727603,113.754
gen_ip_017.mps.gz,3698.118462984541,113.223
gen_ip_018.mps.gz,3828.4067022922045,113.344
gen_ip_023.mps.gz,-6684.0117994654875,111.875
gen_ip_024.mps.gz,-8801.481745889316,112.809
gen_ip_025.mps.gz,-691.0942856840405,112.754
gen_ip_026.mps.gz,-22183.636163396615,113.766
gen_ip_027.mps.gz,-4338.606963602783,112.859
gen_ip_028.mps.gz,-15586.545705640205,112.344
gen_ip_029.mps.gz,-2963.635371957432,111.484
gen_ip_031.mps.gz,-3853.7694434557384,113.176
gen_ip_032.mps.gz,2213.6620271493407,111.484
gen_ip_034.mps.gz,-33249.75691978972,112.199
gen_ip_035.mps.gz,-9091.735513807036,113.309
gen-ip036.mps.gz,-4632.298152873464,112.605
gen_ip_037.mps.gz,-760.1174661342742,112.117
gen_ip_038.mps.gz,-8862.40393395416,113.844
gen_ip_039.mps.gz,2849.4123638986225,113.340
gen_ip_040.mps.gz,2317.9135429676257,112.191
gen_ip_041.mps.gz,8632.789490293586,114.047
gen_ip_042.mps.gz,-10212.62414830849,113.898
gen_ip_046.mps.gz,8295.854463356625,111.844
gen_ip_050.mps.gz,-5280.8518341124345,113.629
gen_ip_052.mps.gz,-2960.9376457649187,111.875
gen-ip054.mps.gz,6765.209042644034,111.957
gen_ip_056.mps.gz,5257.397105048657,111.754
gen_ip_058.mps.gz,-6605.220638380949,114.180
gen_ip_059.mps.gz,5310.650686167353,114.070
gen_ip_062.mps.gz,-10526.263089095593,112.043
gen_ip_066.mps.gz,-2332.006389587271,114.180
gen_ip_068.mps.gz,-5559.429150371546,113.227
gen_ip_071.mps.gz,2218.337478908916,111.848
gen_ip_072.mps.gz,3021.9840408787945,112.168
gen_ip_076.mps.gz,-6023.494884167268,112.746
gen_ip_077.mps.gz,-5931.32331817741,113.258
gen_ip_080.mps.gz,844.0436754144787,113.500
gen_ip_081.mps.gz,812.984965313456,111.605
gen.mps.gz,112130.04066386049,116.809
genus-sym-g62-2.mps.gz,-54.0,266.164
ger50-17-ptp-pop-3t.mps.gz,3466.323206884063,123.902
ger50-17-trans-pop-3t.mps.gz,3456.2529224828645,155.812
germanrr.mps.gz,45980135.41639882,165.828
germany50-DBM.mps.gz,438028.0,136.645
gesa2-o.mps.gz,25476489.678122617,118.906
gesa3.mps.gz,27833632.450665344,119.152
gfd-schedulen180f7d50m30k18.mps.gz,1.0,768.098
glass4.mps.gz,800002400.0,111.934
glass-sc.mps.gz,14.080295856534109,119.223
gmu-35-40.mps.gz,-2406943.5563428816,116.348
gmu-35-50.mps.gz,-2608070.3157430077,117.684
gmut-75-50.mps.gz,-14182312.66173132,289.398
gmut-76-50.mps.gz,-14173884.188063154,272.590
gmut-77-40.mps.gz,-14173396.636852434,160.570
go19.mps.gz,76.53022243896685,111.848
gr4x6.mps.gz,185.55,111.422
graph20-20-1rand.mps.gz,-37.0,131.016
graph40-20-1rand.mps.gz,-157.0,288.637
graph40-40-1rand.mps.gz,-300.0,689.844
graph40-80-1rand.mps.gz,-512.0,1967.902
graphdraw-domain.mps.gz,12672.0,111.648
graphdraw-gemcutter.mps.gz,4310.0,114.020
graphdraw-grafo2.mps.gz,35762.0,463.754
gsvm2rl3.mps.gz,0.012000000000000012,113.160
gsvm2rl5.mps.gz,0.19999999999999993,114.086
gt2.mps.gz,13460.233074411897,112.406
gus-sch.mps.gz,-1205.7303921568628,130.652
h80x6320.mps.gz,3700.0,121.820
hanoi5.mps.gz,1467.0,150.688
haprp.mps.gz,3665963.2135058064,116.500
harp2.mps.gz,-74353341.50229962,117.879
hgms30.mps.gz,-53349.215497362864,423.535
hgms62.mps.gz,-53416.64990713219,1075.973
hgms-det.mps.gz,-53824.391475988305,140.762
highschool1-aigio.mps.gz,0.0,1632.430
hypothyroid-k1.mps.gz,-2902.852585576977,243.266
ibarra.mps.gz,390.61153877067596,111.805
ic97_potential.mps.gz,3868.0,117.895
ic97_tension.mps.gz,3892.0,115.324
icir97_tension.mps.gz,6302.0,117.516
iis-100-0-cov.mps.gz,16.66666666666666,114.762
iis-bupa-cov.mps.gz,26.497216877543124,118.281
iis-hc-cov.mps.gz,9.517060774198471,127.473
iis-pima-cov.mps.gz,26.620389389112816,145.949
in.mps.gz,57.99999999999996,3446.266
irish-electricity.mps.gz,2546254.563205164,339.035
irp.mps.gz,12123.530222333333,149.316
istanbul-no-cutoff.mps.gz,51.11,167.297
ivu06-big.mps.gz,135.42771825425078,1791.535
ivu06.mps.gz,135.90135263286706,863.785
ivu52.mps.gz,480.25043841429607,381.785
ivu59.mps.gz,884.4569933680139,2676.520
j12016_10_cuts.mps.gz,47.95903292361612,1156.586
j12016_10.mps.gz,42.216336321281744,202.379
j12048_7.mps.gz,0.0,130.352
j12052_10.mps.gz,11.342798969604459,168.840
j3014_5.mps.gz,0.0,115.227
j3041_1.mps.gz,0.12389597644749983,117.094
j3047_2.mps.gz,0.0,116.348
j3050_8.mps.gz,0.0,113.250
j6029_7.mps.gz,13.765018616554258,141.199
j9025_10.mps.gz,0.0,143.488
j9025_6.mps.gz,15.811860282467507,141.789
j905_8.mps.gz,1.3884890438360742,138.238
janos-us-DDM.mps.gz,1488134.75,116.922
k1mushroom.mps.gz,-4165.061224489449,488.277
keller4cpart.mps.gz,7.333333333333333,559.738
keller4cpartpp.mps.gz,14.73811517053914,441.973
khb05250.mps.gz,95919464.0,115.301
kosova1.mps.gz,0.0,1692.988
kottenpark09.mps.gz,179.0,3002.262
l152lav.mps.gz,4656.363636363636,117.184
l2p12.mps.gz,2.0,165.949
layer2.mps.gz,-22580999.99982749,113.387
layer3.mps.gz,-3724539998.602796,119.516
layer4.mps.gz,-3455673656.974293,119.449
layer.mps.gz,-22580999.99999999,111.922
lectsched-4-obj.mps.gz,0.0,147.535
leo1.mps.gz,388573315.50960773,141.504
leo2.mps.gz,386421293.20891905,163.355
liu.mps.gz,346.0,119.500
long05_j.mps.gz,268.1666666666667,328.973
long_hidden01_j.mps.gz,140.00000000000006,310.766
loopha13.mps.gz,6.279000000000004,172.504
lotsize.mps.gz,348385.3465507298,120.043
LpPackingModel2_Dim10.mps.gz,-93676613.99999058,208.188
LpPackingModel5_Dim15.mps.gz,-66030132.70000622,350.160
LR1_DR02_VC03_V8a_t360.mps.gz,138377.2398498638,159.461
lr1dr02vc05v8a-t360.mps.gz,120706.32647450139,177.574
LR1_DR03_VC03_V10b_t360.mps.gz,174469.00817992192,152.832
LR1_DR08_VC10_V40a_t120.mps.gz,179157.37595917968,232.594
lr1dr12vc10v70b-t360.mps.gz,983950.2479446721,602.000
LR2_11_DR2_33_VC4_V11a_t60.mps.gz,-47107.09544071147,273.188
LR2_22_DR3_333_VC4_V14a_t60.mps.gz,-63405.51500658989,654.785
lrsa120.mps.gz,29.00000000000036,150.625
lseu.mps.gz,834.6823529411765,112.328
m100n500k4r1.mps.gz,-25.00000000000001,114.023
mad.mps.gz,0.0,111.938
manna81.mps.gz,-13297.0,139.867
map10.mps.gz,-602.1761806187844,440.750
markshare2.mps.gz,0.0,112.598
markshare_4_0.mps.gz,0.0,112.680
markshare_5_0.mps.gz,0.0,112.523
mas74.mps.gz,10482.795280331206,112.750
mas76.mps.gz,38893.90364052266,113.367
maxgasflow.mps.gz,-70929535.9,131.898
mc11.mps.gz,608.8443396226415,119.266
mcsched.mps.gz,193774.75370662293,123.359
medium_hint02_j.mps.gz,24.0,226.957
methanosarcina.mps.gz,0.0,152.953
mik-250-1-100-1.mps.gz,-79842.42363461945,112.613
mik-250-20-75-3.mps.gz,-60670.36663848896,112.469
milo-v12-6-r1-75-1.mps.gz,669700.7578960932,140.297
milo-v13-4-3d-4-0.mps.gz,34031.17180488533,117.395
mine-90-10.mps.gz,-887165318.5102262,128.219
mining.mps.gz,-949724584.6968555,1531.832
minuteddispatchstrategy.mps.gz,1897.140518650424,290.480
misc03.mps.gz,1910.0,111.207
misc06.mps.gz,12841.689392265072,119.113
misc07.mps.gz,1415.0,113.070
mitre.mps.gz,114740.51848146181,138.539
mkc1.mps.gz,-611.8500000000007,123.910
mkc.mps.gz,-611.8500000000007,124.207
m-minas196.mps.gz,-708806.9999999999,861.332
mod008.mps.gz,290.9310727149688,111.023
mod010.mps.gz,6532.083333333333,117.148
mod011.mps.gz,-62121982.55190485,132.176
modglob.mps.gz,20430947.618853647,111.168
momentum1.mps.gz,72793.34525453381,184.836
momentum3.mps.gz,91952.39229224616,535.879
monks-2.test.sc.mps.gz,59.60336022898427,118.930
monks-2.train.sc.mps.gz,31.992090046568787,118.730
msc98-ip.mps.gz,19520966.15166435,239.566
mtest4ma.mps.gz,33968.065673149766,118.297
mushroom-best.mps.gz,1.2682926829268286e-05,168.426
mzzv11.mps.gz,-22945.2396313364,228.117
mzzv42z.mps.gz,-21622.998481242863,244.770
n080w8-1.mps.gz,1008.75,163.332
n13-3.mps.gz,4287.647058823532,121.473
n15-3.mps.gz,23703.941176470595,408.461
n2seq36f.mps.gz,52000.0,129.137
n2seq36q.mps.gz,52000.0,174.074
n3-3.mps.gz,7465.294117647063,142.594
n3705.mps.gz,973361.017011933,128.438
n3div36.mps.gz,114333.37474120082,182.879
n3seq24.mps.gz,52000.00000000001,335.922
n4-3.mps.gz,4080.8823529411784,124.578
n5-3.mps.gz,2883.823529411765,120.402
n6-3.mps.gz,6311.764705882354,134.660
n7-3.mps.gz,9380.588235294119,128.711
n9-3.mps.gz,7889.705882352943,136.941
nag.mps.gz,465.0,141.035
nb10tb.mps.gz,12986061164.423563,911.117
neos-1067731.mps.gz,669053.0000000003,141.332
neos-1096528.mps.gz,278.0,824.785
neos10.mps.gz,-1246.1649214659685,206.812
neos-1109824.mps.gz,278.0,166.465
neos-1122047.mps.gz,160.99999999999997,180.801
neos-1140050.mps.gz,5071593.661704198,385.438
neos-1171448.mps.gz,-309.0,149.297
neos-1171737.mps.gz,-195.0,120.859
neos-1215891.mps.gz,-1256.9428571428575,138.938
neos-1223462.mps.gz,-751.000000012,138.754
neos-1224597.mps.gz,-428.0,125.965
neos-1281048.mps.gz,450.00000000000045,117.832
neos-1311124.mps.gz,-182.0,118.145
neos-1324574.mps.gz,4.5,120.715
neos-1330346.mps.gz,4.499999999999999,134.750
neos-1337307.mps.gz,-203123.97385620928,132.512
neos-1354092.mps.gz,13.28571428571426,159.914
neos-1367061.mps.gz,31320456.26449716,338.863
neos-1396125.mps.gz,388.55239976630634,120.770
neos13.mps.gz,-126.17837780937634,169.613
neos-1420546.mps.gz,22124.399999990328,153.773
neos-1420790.mps.gz,2942.7500020099887,125.551
neos-1423785.mps.gz,-1816.6666674828718,183.281
neos-1425699.mps.gz,3175204364.635297,112.750
neos-1429212.mps.gz,30.0,721.500
neos-1437164.mps.gz,7.629705882352934,119.945
neos-1440225.mps.gz,36.0,120.426
neos-1441553.mps.gz,7.6348039215686265,118.465
neos-1442119.mps.gz,-182.0,118.055
neos-1445532.mps.gz,-22878.234948730355,130.785
neos-1445738.mps.gz,-24232.548846192585,137.656
neos-1456979.mps.gz,154.0,133.605
neos-1516309.mps.gz,33432.333333333336,121.992
neos-1582420.mps.gz,87.57611839584948,135.289
neos-1593097.mps.gz,4423.999999999999,148.980
neos-1595230.mps.gz,2.692307692307693,113.352
neos-1597104.mps.gz,-29.999999999999996,210.613
neos-1599274.mps.gz,31235.742857142857,123.879
neos-1601936.mps.gz,1.0,152.383
neos-1605061.mps.gz,6.150735294117667,204.836
neos-1620770.mps.gz,1.0,124.715
neos-1620807.mps.gz,1.0,112.816
neos16.mps.gz,429.0,112.668
neos17.mps.gz,0.000681498501498498,116.258
neos18.mps.gz,7.0,145.070
neos1.mps.gz,5.600000000000002,120.941
neos-2075418-temuka.mps.gz,0.0,1356.551
neos22.mps.gz,413700.0,126.293
neos-2328163-agri.mps.gz,26069.0,121.840
neos-2629914-sudost.mps.gz,39622.0,139.277
neos-2652786-brda.mps.gz,0.0,115.301
neos-2657525-crna.mps.gz,0.0,116.699
neos-2669500-cust.mps.gz,2221.900000000006,277.555
neos-2746589-doon.mps.gz,1985.750000000003,203.523
neos-2978193-inde.mps.gz,-2.4185181859999987,140.152
neos-2978205-isar.mps.gz,-12.415306728999996,224.121
neos-2987310-joes.mps.gz,-610797465.6769747,238.430
neos-2991472-kalu.mps.gz,0.0,520.172
neos2.mps.gz,-4717.666848100766,118.367
neos-3004026-krka.mps.gz,0.0,141.773
neos-3009394-lami.mps.gz,0.6428571429,121.387
neos-3024952-loue.mps.gz,22882.0,127.320
neos-3025225-shelon.mps.gz,0.05257405202867409,511.273
neos-3045796-mogo.mps.gz,-175.0,135.090
neos-3046615-murg.mps.gz,192.0,113.738
neos-3072252-nete.mps.gz,10593526.0,115.766
neos-3083819-nubu.mps.gz,6290575.552807326,130.660
neos-3116779-oban.mps.gz,0.0,114.156
neos-3118745-obra.mps.gz,253.8333333333334,116.066
neos-3148108-pahi.mps.gz,0.0,354.254
neos-3209462-rhin.mps.gz,6.661338147750939e-15,323.367
neos-3209519-ruhr.mps.gz,332.84999999999985,138.637
neos-3214367-sovi.mps.gz,87802.73259553972,169.602
neos-3216931-puriri.mps.gz,58817.35306581276,156.297
neos-3226448-wkra.mps.gz,0.0,151.102
neos-3237086-abava.mps.gz,0.0,191.434
neos-3322547-alsek.mps.gz,398.42666666666656,867.094
neos-3352863-ancoa.mps.gz,27300.42821930886,276.523
neos-3354841-apure.mps.gz,48447.92626728109,402.145
neos-3355323-arnon.mps.gz,0.0,153.277
neos-3372571-onahau.mps.gz,0.3548972623923998,247.785
neos-3381206-awhea.mps.gz,415.2399999999999,113.605
neos-3402294-bobin.mps.gz,0.0,847.852
neos-3402454-bohle.mps.gz,0.0,3178.004
neos-3426085-ticino.mps.gz,221.78059999999994,117.672
neos-3426132-dieze.mps.gz,401.99520000000024,126.867
neos-3437289-erdre.mps.gz,0.0,155.859
neos-3530905-gaula.mps.gz,150.6536,115.516
neos-3555904-turama.mps.gz,-41.45,603.738
neos-3572885-glina.mps.gz,0.0,176.852
neos-3581454-haast.mps.gz,1640.0000000000002,212.695
neos-3594536-henty.mps.gz,383205.0,167.203
neos-3603137-hoteo.mps.gz,0.0,132.340
neos-3610051-istra.mps.gz,44.55531250000001,116.609
neos-3611689-kaihu.mps.gz,100.87875000000001,112.133
neos-3627168-kasai.mps.gz,945808.0955555546,117.527
neos-3634244-kauru.mps.gz,0.0,743.617
neos-3660371-kurow.mps.gz,286.5343834383438,125.488
neos-3665875-lesum.mps.gz,248.325,130.508
neos-3682128-sandon.mps.gz,4737725.71461482,136.691
neos-3691541-lonja.mps.gz,-0.07927100867999999,139.574
neos-3695882-vesdre.mps.gz,-145935.21428571426,372.578
neos-3696678-lyvia.mps.gz,4.422662246225101,133.410
neos-3754224-navua.mps.gz,55687.623609530914,441.531
neos-3754480-nidda.mps.gz,-1216923.270104403,114.332
neos-3755335-nizao.mps.gz,50.03015653260001,310.406
neos-3759587-noosa.mps.gz,48.33446776939999,220.207
neos-3988577-wolgan.mps.gz,119.0,270.188
neos-4165869-wannon.mps.gz,96.41016637064315,264.613
neos-4292145-piako.mps.gz,5484.840007999999,334.285
neos-4295773-pissa.mps.gz,0.0,636.840
neos-4300652-rahue.mps.gz,0.0,341.445
neos-4306827-ravan.mps.gz,-35696.90191316502,492.832
neos-4321076-ruwer.mps.gz,1880.5583333332252,788.426
neos-4322846-ryton.mps.gz,0.4198483640000001,349.723
neos-4333464-siret.mps.gz,6.72706,127.770
neos-4333596-skien.mps.gz,-14653956.914930066,117.957
neos-4338804-snowy.mps.gz,1447.0,125.242
neos-4343293-stony.mps.gz,15.028155,152.605
neos-4355351-swalm.mps.gz,9.2618675,231.703
neos-4359986-taipa.mps.gz,0.2965927395272348,212.945
neos-4360552-sangro.mps.gz,-29.499999999999996,218.812
neos-4391920-timok.mps.gz,8.630747026686092e-06,388.262
neos-4408804-prosna.mps.gz,914.4835164835166,302.480
neos-4409277-trave.mps.gz,0.0,213.203
neos-4413714-turia.mps.gz,43.47465101,437.445
neos-4532248-waihi.mps.gz,0.0,295.805
neos-4533806-waima.mps.gz,3063.3188405797123,326.199
neos-4545615-waita.mps.gz,3606.594190440067,993.266
neos-4562542-watut.mps.gz,3743.304347826092,415.586
neos-4647027-thurso.mps.gz,26911.64161555367,673.434
neos-4647030-tutaki.mps.gz,26911.641615553694,611.062
neos-4647032-veleka.mps.gz,26587.908699197462,629.836
neos-4650160-yukon.mps.gz,-22688.547680000036,120.668
neos-4724674-aorere.mps.gz,3758.753179098655,339.605
neos-4736745-arroux.mps.gz,71652993.96428904,122.281
neos-4738912-atrato.mps.gz,65143485.99418827,125.355
neos-4754521-awarau.mps.gz,0.0,552.930
neos-4760493-puerua.mps.gz,1908.2436950684928,265.129
neos-476283.mps.gz,406.24470775165565,501.121
neos-4797081-pakoka.mps.gz,0.0,209.969
neos-4805882-barwon.mps.gz,1603.902830471709,183.875
neos-480878.mps.gz,455.2987960273175,124.820
neos-4954274-beardy.mps.gz,18659.208281816045,177.672
neos-4954672-berkel.mps.gz,1150229.1752941173,119.688
neos-4966258-blicks.mps.gz,354.5454545454543,863.625
neos-4976951-bunnoo.mps.gz,375.6943719464799,638.570
neos-498623.mps.gz,16.000000000000174,143.430
neos-503737.mps.gz,50.0,118.172
neos-5041822-cockle.mps.gz,5611570.032600106,874.469
neos-5044663-wairoa.mps.gz,4653100.000000061,502.012
neos-5045105-creuse.mps.gz,19.066670564810604,123.727
neos-5049753-cuanza.mps.gz,464.0,1213.109
neos-5051588-culgoa.mps.gz,128.75000000000003,134.332
neos-5052403-cygnet.mps.gz,179.50037100658943,478.016
neos-506428.mps.gz,145945.0,293.488
neos-5075914-elvire.mps.gz,277.3418879028857,124.203
neos-5078479-escaut.mps.gz,7277.986950980463,123.891
neos-5083528-gimone.mps.gz,0.0,222.805
neos-5093327-huahum.mps.gz,3934.0,353.184
neos-5102383-irwell.mps.gz,1740.0,306.199
neos-5104907-jarama.mps.gz,639.9171487026132,935.289
neos-5106984-jizera.mps.gz,721.0,1353.074
neos-5107597-kakapo.mps.gz,0.0,130.891
neos-5114902-kasavu.mps.gz,518.0,1689.801
neos-5116085-kenana.mps.gz,452.0,1247.012
neos-5123665-limmat.mps.gz,652.427430123318,1417.328
neos-5125849-lopori.mps.gz,0.0,125.316
neos-5129192-manaia.mps.gz,0.0,795.316
neos-5138690-middle.mps.gz,605.3649955501037,1843.383
neos-5140963-mincio.mps.gz,8877.0,112.555
neos-5149806-wieprz.mps.gz,0.02769350867363876,349.324
neos-5178119-nalagi.mps.gz,8.569858952216466,144.844
neos-5182409-nasivi.mps.gz,0.0,117.809
neos-5188808-nattai.mps.gz,0.0,194.883
neos-5189128-totara.mps.gz,330131.3907425871,476.254
neos-5192052-neckar.mps.gz,-11980000.0,111.801
neos-5195221-niemur.mps.gz,0.0,235.957
neos-5196530-nuhaka.mps.gz,0.0,217.301
neos-5221106-oparau.mps.gz,0.0,410.172
neos-5223573-tarwin.mps.gz,0.1058,1283.195
neos-525149.mps.gz,60.0,413.492
neos-5260764-orauea.mps.gz,58748.02253163571,169.895
neos-5261882-treska.mps.gz,22721.328,126.703
neos-5273874-yomtsa.mps.gz,0.0,1288.508
neos-538867.mps.gz,32.0,116.957
neos-544324.mps.gz,13.862840842114576,351.090
neos-547911.mps.gz,12.486033242331578,198.574
neos-555343.mps.gz,1241512.5494395501,130.762
neos-555424.mps.gz,1196312.54943955,127.527
neos-555884.mps.gz,1026121.836055025,124.801
neos-555927.mps.gz,608345.7084502499,118.473
neos-565815.mps.gz,10.538461538461538,135.438
neos-574665.mps.gz,4948073.456141478,122.293
neos-578379.mps.gz,0.0,200.301
neos-595904.mps.gz,58881.05044449559,122.297
neos5.mps.gz,13.0,111.965
neos-611135.mps.gz,11580.000000000007,244.641
neos-631517.mps.gz,6494999.9999359995,115.988
neos-631694.mps.gz,46.25,127.621
neos-631710.mps.gz,188.25000000000108,652.195
neos-633273.mps.gz,4678552871.152561,148.047
neos-662469.mps.gz,184340.6296491146,140.082
neos-686190.mps.gz,5134.813829787233,126.215
neos-691058.mps.gz,234.0,140.590
neos6.mps.gz,83.0,157.969
neos-709469.mps.gz,493.16000000000014,112.539
neos-738098.mps.gz,-1099.0000000000002,185.418
neos-777800.mps.gz,-79.99999999999996,126.941
neos-780889.mps.gz,3421500.0,419.547
neos-785914.mps.gz,38.0,120.648
neos-787933.mps.gz,2.9999999999999947,226.680
neos-791021.mps.gz,10.666666666666664,131.891
neos-799838.mps.gz,1044000.0,146.547
neos-801834.mps.gz,47993.34467422727,155.961
neos-807456.mps.gz,279.99999999999966,121.102
neos-807639.mps.gz,332.9241174530533,119.582
neos-808214.mps.gz,0.0,123.746
neos-810286.mps.gz,2877.0,144.941
neos-820879.mps.gz,24874.267857142866,137.684
neos-824661.mps.gz,32.99999999999994,167.656
neos-825075.mps.gz,-292.0,117.020
neos-826224.mps.gz,121.00000000000003,178.289
neos-826650.mps.gz,28.0,128.426
neos-827175.mps.gz,112.00151999999999,167.715
neos-831188.mps.gz,1.7677204140000013,123.730
neos-848198.mps.gz,46427.50700000003,133.508
neos-848589.mps.gz,0.0,424.953
neos-849702.mps.gz,0.0,122.836
neos-850681.mps.gz,2087.0,134.586
neos859080.mps.gz,1.0,112.031
neos-859770.mps.gz,4500.000000000002,234.574
neos-860244.mps.gz,3000.0000000000005,172.273
neos-860300.mps.gz,1666.0685857415322,166.270
neos-872648.mps.gz,3.355566284859395,345.402
neos-876808.mps.gz,10030.53383280544,386.371
neos-885086.mps.gz,-242.99999999999991,169.742
neos-885524.mps.gz,11754.884999999995,226.371
neos8.mps.gz,-3773.507927187316,238.195
neos-905856.mps.gz,-8.0,116.953
neos-911970.mps.gz,23.259999999999994,114.887
neos-912015.mps.gz,-14.000000000000002,116.941
neos-912023.mps.gz,-17.0,118.062
neos-913984.mps.gz,1000.0,163.777
neos-916792.mps.gz,26.203595813574314,143.301
neos-931538.mps.gz,985.0,127.793
neos-932721.mps.gz,2376.9999999999995,161.453
neos-933562.mps.gz,0.0,123.852
neos-933966.mps.gz,318.00000000000034,170.387
neos-934278.mps.gz,259.5,141.520
neos-934531.mps.gz,2.00007,192.508
neos-935234.mps.gz,2422.499999999997,152.168
neos-935769.mps.gz,3010.000000000004,130.688
neos-937815.mps.gz,2837.000000000001,137.172
neos-941313.mps.gz,9360.99999999999,266.668
neos-948268.mps.gz,59.99999999999992,125.652
neos-948346.mps.gz,-229.95,246.879
neos-950242.mps.gz,1.0,174.781
neos-952987.mps.gz,1327.3371397537678,161.793
neos-953928.mps.gz,-99.91999999997334,171.559
neos-954925.mps.gz,-237.82370370373974,333.746
neos-956971.mps.gz,-237.80444444432015,243.773
neos-957143.mps.gz,-237.76999999995,173.137
neos-957270.mps.gz,0.5,196.734
neos-957323.mps.gz,-237.75791205515543,214.379
neos-957389.mps.gz,1.5,191.383
neos-960392.mps.gz,-237.99999999999997,192.605
neos9.mps.gz,780.0,231.754
net12.mps.gz,17.249479166666678,183.641
netdiversion.mps.gz,230.8000000000001,554.512
newdano.mps.gz,11.724137931034482,117.293
nexp-150-20-1-5.mps.gz,56.333333333333336,120.633
nexp-150-20-8-5.mps.gz,18.226804123711325,144.855
nexp-50-20-4-2.mps.gz,49.090909090909086,117.301
nh97_potential.mps.gz,1394.0,119.898
nh97_tension.mps.gz,1414.0,117.270
nj1.mps.gz,0.0,323.941
nj3.mps.gz,0.0,604.148
noswot.mps.gz,-42.99999999999999,113.246
nrc2rmn120w4_1_4-6-2-6.mps.gz,1991.5476190476081,421.566
nrperfan.mps.gz,159.30125661375658,121.695
ns1111636.mps.gz,96.25,386.312
ns1116954.mps.gz,0.0,353.340
ns1208400.mps.gz,0.0,133.949
ns1430538.mps.gz,73.62160926736186,226.496
ns1456591.mps.gz,361.939021639,142.391
ns1631475.mps.gz,817.1937479622817,191.910
ns1644855.mps.gz,-1524.333333333331,636.070
ns1663818.mps.gz,1.0000000000000298,800.691
ns1688347.mps.gz,2.0000000000000004,149.812
ns1690781.mps.gz,-1054.966495433206,177.055
ns1696083.mps.gz,1.9999999999999982,195.461
ns1758913.mps.gz,-1501.1832555666665,749.094
ns1760995.mps.gz,-1379.1732370467523,968.609
ns1766074.mps.gz,5833.799999999998,112.539
ns1778858.mps.gz,-28931833.446612384,144.973
ns1828997.mps.gz,0.0,293.078
ns1830653.mps.gz,6152.999999999995,135.352
ns1849932.mps.gz,546.0,453.234
ns1853823.mps.gz,60182.88267617472,705.473
ns1854840.mps.gz,121999.99999999997,381.367
ns1856153.mps.gz,0.0,159.070
ns1904248.mps.gz,0.0,352.578
ns1905797.mps.gz,11.750980000000002,263.215
ns1952667.mps.gz,0.0,189.965
ns2071214.mps.gz,0.0,128.465
ns2124243.mps.gz,53998.33333333331,408.164
ns2137859.mps.gz,24629.000000000022,472.383
ns4-pr3.mps.gz,36073.0,135.906
ns4-pr6.mps.gz,29145.75,126.773
ns4-pr9.mps.gz,35175.0,132.539
ns894786.mps.gz,6.080533274217492,195.066
ns903616.mps.gz,14.750146864133692,157.566
ns930473.mps.gz,0.0,200.094
nsa.mps.gz,91.44793960908102,113.277
nsr8k.mps.gz,17500809.511814576,235.836
nsrand-ipx.mps.gz,48880.0,148.848
nu120-pr3.mps.gz,21306.442307692305,136.742
nu25-pr12.mps.gz,52757.5,126.957
nu60-pr9.mps.gz,22850.0,132.625
nucorsav.mps.gz,29.0461,3759.125
nug08.mps.gz,203.50000000000873,118.691
nursesched-medium04.mps.gz,232.99999999999997,241.820
nursesched-sprint02.mps.gz,54.41666666666665,145.230
nw04.mps.gz,16310.666666666666,261.062
opm2-z11-s8.mps.gz,-62971.93039486135,515.469
opm2-z12-s8.mps.gz,-85456.21003648038,666.207
opm2-z6-s1.mps.gz,-7540.517471910991,149.918
opm2-z7-s2.mps.gz,-12879.686897087431,156.031
opm2-z8-s0.mps.gz,-19394.50312468785,183.230
opt1217.mps.gz,-20.021390374331553,116.262
p0033.mps.gz,2520.5717391304347,112.449
p0201.mps.gz,6875.0,113.570
p0282.mps.gz,176867.50334911313,112.473
p0548.mps.gz,315.2549019607843,114.980
p2756.mps.gz,2688.75,120.742
p6b.mps.gz,-231.0,114.566
page-blocks.pictures.sc.mps.gz,20.512860623576387,155.406
pb-fit2d.mps.gz,-22372.476239210875,339.730
pb-gfrd-pnc.mps.gz,8316.011267885418,147.398
pb-grow22.mps.gz,-449681.20053408225,171.219
pb-market-split8-70-4.mps.gz,0.0,111.348
pb-simp-nonunif.mps.gz,6.0,1604.836
pdistuchoa.mps.gz,-250.0,146.188
peg-solitaire-a3.mps.gz,0.9999999999999868,140.742
pg5_34.mps.gz,-16646.586017379595,118.418
pg.mps.gz,-11824.65738155926,118.422
physiciansched3-4.mps.gz,1124678.2244559166,572.121
physiciansched5-3.mps.gz,5179.999999999991,186.516
physiciansched6-1.mps.gz,7500.0,458.219
physiciansched6-2.mps.gz,43012.5,397.199
pigeon-08.mps.gz,-8000.0,113.199
pigeon-16.mps.gz,-16000.0,120.512
pima.sc.mps.gz,27.774504100895864,139.363
piperout-27.mps.gz,6969.999999999998,160.051
pk1.mps.gz,0.0,112.684
planar150_s.mps.gz,565068.0,199.758
pp08aCUTS.mps.gz,5480.606156321966,112.457
pp08a.mps.gz,2748.345238095238,113.105
prob-23844-t1-0.mps.gz,376993.3333333333,416.219
prob-25581-0.mps.gz,176.99999999999991,294.445
probportfolio.mps.gz,5.0,113.641
prod1.mps.gz,-100.0,112.078
prod2.mps.gz,-100.0,113.547
product_1st_phase.mps.gz,21042.0,145.672
proteindesign122trx11p8.mps.gz,1720.4611046623036,269.043
protfold.mps.gz,-41.957446808510674,135.219
pw-myciel4.mps.gz,0.0,131.246
pythago7825.mps.gz,0.0,152.836
qap10.mps.gz,332.56622765365717,130.734
qiu.mps.gz,-931.638856946999,118.273
qnet1_o.mps.gz,12095.57166666667,117.535
queens-30.mps.gz,-70.9126890196035,157.781
r4l4-02-tree-bounds-50.mps.gz,473009626.0,139.508
r80x800.mps.gz,3651.48,117.578
radiationm18-12-05.mps.gz,17554.5,185.016
radiationm40-10-02.mps.gz,155306.7,432.148
rail01.mps.gz,-92.08729997846459,407.984
rail02.mps.gz,-206.61019995740733,694.395
rail03.mps.gz,-920.2737625219232,863.027
rail507.mps.gz,172.14556667654884,229.145
railway_8_1_0.mps.gz,397.0,121.750
ramos3.mps.gz,145.79999999999978,169.398
ran12x21.mps.gz,3157.377442025726,114.090
ran14x18-disj-8.mps.gz,3444.4210654085387,118.352
rd-rplusc-21.mps.gz,100.0,378.125
reblock115.mps.gz,-39365983.33734706,127.090
reblock166.mps.gz,-886882876.9658288,141.965
reblock354.mps.gz,-39641692.452291675,152.484
reblock420.mps.gz,-886535897.5221374,187.555
rentacar.mps.gz,28806137.644260086,141.422
rgn.mps.gz,48.79999855999996,112.504
rlp1.mps.gz,13.244444444444449,112.000
rmatr100-p5.mps.gz,762.0400543502288,166.336
rmine10.mps.gz,-1926.8638195104731,263.766
rmine13.mps.gz,-3504.6899590739117,423.918
rmine15.mps.gz,-5042.482962975553,786.801
rmine21.mps.gz,-10679.23256707637,1652.008
rmine6.mps.gz,-462.30572737054695,132.605
robot_sch_plain_10_211_3926_0.1.mps.gz,126.9575119210344,192.953
robot_sch_plain_10_211_4288_0.05.mps.gz,76.58146617680953,229.598
robot_sch_plain_10_211_4682_0.01.mps.gz,75.34620162999822,248.879
robot_sch_plain_4_47_1673_0.01.mps.gz,36.31173047779049,228.414
robot_sch_plain_4_50_999_0.05.mps.gz,44.20946552787056,144.715
robot_sch_syn_plain_10_250_7703_0.01#0.mps.gz,39.605900301220274,124.977
robot_sch_syn_plain_10_250_7815_0.01#2.mps.gz,38.46303562864218,125.035
robot_sch_syn_plain_10_250_7815_0.05#2.mps.gz,38.46303562864218,126.988
robot_sch_syn_plain_10_250_7815_0.2#2.mps.gz,38.46530083285666,219.637
robot_sch_syn_plain_10_250_8063_0.05#1.mps.gz,41.61366772413762,130.496
robot_sch_syn_plain_10_250_8063_0.2#1.mps.gz,41.61381928530715,211.719
robot_sch_syn_plain_20_500_29840_0.01#1.mps.gz,36.40107778983592,151.035
robot_sch_syn_plain_20_500_29840_0.1#1.mps.gz,36.40166513044762,315.117
robot_sch_syn_plain_20_500_29840_0.2#1.mps.gz,36.4066276138119,811.168
robot_sch_syn_plain_20_500_30286_0.05#2.mps.gz,35.5967758973786,153.496
robot_sch_syn_plain_20_500_30334_0.2#0.mps.gz,36.788163013590854,555.395
robot_sch_syn_plain_4_100_1328_0.01#1.mps.gz,45.97992,115.738
robot_sch_syn_plain_4_100_1328_0.05#1.mps.gz,45.97992,115.793
robot_sch_syn_plain_4_100_1328_0.1#1.mps.gz,45.97992,118.645
robot_sch_syn_plain_4_100_1328_0.2#1.mps.gz,45.9799925,121.539
robot_sch_syn_plain_4_100_1605_0.01#0.mps.gz,40.61877299536961,115.555
robot_sch_syn_plain_4_100_1605_0.2#0.mps.gz,40.62115613709435,186.688
robot_sch_syn_plain_4_100_1615_0.1#2.mps.gz,46.54507075407502,124.859
robot_sch_syn_plain_4_100_1615_0.2#2.mps.gz,46.55131836840997,133.566
rocI-4-11.mps.gz,-11111086.671771595,140.105
rocII-9-11.mps.gz,-11.972072042641067,253.188
rococoB10-011000.mps.gz,8350.199468479119,122.926
rococoC11-010100.mps.gz,8773.20654296875,139.125
rococoC11-011100.mps.gz,9024.20540557132,129.457
rococoC12-111000.mps.gz,27337.35738077382,139.859
roi2alpha3n4.mps.gz,-83.88099327640491,247.945
roi5alpha10n8.mps.gz,-91.91636036871482,526.480
roll3000.mps.gz,11097.127676855102,127.254
routing_0016.mps.gz,32230.36578947369,181.230
routing_GCM_0002.mps.gz,52976.78139534884,183.371
routing_GCM_0014.mps.gz,12125.486772486774,194.117
rout.mps.gz,981.8642857142862,115.426
rui-mbm.mps.gz,72758.0,128.500
rvb-sub.mps.gz,11.206514313652066,297.145
rwth-timetable.mps.gz,715260.9726068926,1905.262
s100.mps.gz,-0.17109675893254558,624.273
s1234.mps.gz,0.3619247857868245,166.016
s250r10.mps.gz,-0.17267704190548075,488.008
s55.mps.gz,-22.151773159006794,262.719
satellites1-25.mps.gz,-20.000000000000004,164.141
satellites2-40.mps.gz,-30.00000000000001,334.996
satellites3-25.mps.gz,-39.00000000000001,676.641
satellites3-40-fs.mps.gz,-39.00000000000002,358.090
savsched1.mps.gz,217.40357142857135,723.645
scpk1_core.mps.gz,267.04881553020954,137.086
scpk4.mps.gz,280.5442001972565,312.930
scpl4.mps.gz,211.74223174201285,574.059
scpm1.mps.gz,413.78208601624175,633.633
scpn2.mps.gz,350.4093583372049,895.660
sct1.mps.gz,-218.1390031281147,164.203
sct2.mps.gz,-231.11696381946666,128.266
sct31.mps.gz,-31.962662197677744,137.934
sct32.mps.gz,-62.990833480930284,145.363
sct5.mps.gz,-228.17655206165148,169.098
seqsolve3short4288excess384.mps.gz,-50571.28824275189,668.480
set1ch.mps.gz,32007.729870234445,116.773
set3-09.mps.gz,1263.077973510603,125.938
set5.mps.gz,-162.00000000000006,116.918
seymour1.mps.gz,403.84647412519274,133.230
seymour-disj-10.mps.gz,280.8178176986437,141.699
seymour.mps.gz,403.84647412519274,132.887
shiftreg_2_7.mps.gz,206.73305200000013,141.500
shipsched.mps.gz,0.0,223.664
shs1014.mps.gz,22137.41036286499,799.867
shs1042.mps.gz,9455.525826016097,728.066
siena1.mps.gz,10163179.229002547,209.828
sing11.mps.gz,18640171.224643264,418.281
sing17.mps.gz,35483848.87651381,742.828
sing359.mps.gz,22534478.962497983,1360.895
sing44.mps.gz,8102513.219399846,280.867
snip10x10-35r1budget17.mps.gz,30.0,503.414
snp-02-004-104.mps.gz,548044802.9750706,490.656
sorrell3.mps.gz,-512.0,369.125
sorrell4.mps.gz,-1024.0,465.457
sorrell7.mps.gz,-1024.0,219.004
sorrell8.mps.gz,-1023.0,144.891
sp150x300d.mps.gz,4.891111839947526,115.125
sp97ar.mps.gz,652560391.2475646,164.371
sp97ic.mps.gz,391836553.0633946,129.086
sp98ar.mps.gz,521033717.139929,167.812
sp98ic.mps.gz,444277568.9341516,179.605
sp98ir.mps.gz,216663444.58993602,131.199
splice1k1.mps.gz,-1646.777978971274,367.188
sprint_hidden06_j.mps.gz,100.92999999999999,131.062
sprint_hint01_j.mps.gz,65.09999999999997,169.094
square23.mps.gz,8.333333333333346,270.590
square31.mps.gz,8.499999999999979,491.297
square37.mps.gz,8.666666666664382,616.602
square41.mps.gz,8.839612486543437,731.984
square47.mps.gz,8.755813953490694,1240.340
stdc0025.mps.gz,-1743072.6205816471,211.211
stdc3282.mps.gz,-3505224.7292291042,291.520
stdc6262p.mps.gz,-1394276.6015363543,197.992
stdcd5113.mps.gz,-642167961.6190474,167.844
stdnc2018.mps.gz,-863562.7662999991,132.684
stein45.mps.gz,22.0,112.695
stockholm.mps.gz,0.755613415,218.422
stp3d.mps.gz,481.877786205067,521.375
sts405.mps.gz,134.99999999999997,135.426
sts729.mps.gz,243.00000000000048,207.043
supportcase10.mps.gz,3.3839236661380045,380.660
supportcase12.mps.gz,-7609.533053738846,1025.789
supportcase14.mps.gz,272.0000000000001,112.148
supportcase16.mps.gz,272.0000000000001,112.438
supportcase17.mps.gz,0.0,119.973
supportcase18.mps.gz,47.18666666666668,130.664
supportcase19.mps.gz,12677206.00000007,1647.195
supportcase20.mps.gz,2442.144011873613,129.281
supportcase22.mps.gz,0.0,579.531
supportcase23.mps.gz,-12952.0,226.215
supportcase26.mps.gz,1288.1021611356975,112.469
supportcase2.mps.gz,0.0,777.883
supportcase30.mps.gz,0.0,115.730
supportcase33.mps.gz,-552.5,187.949
supportcase34.mps.gz,72.66411619588514,303.891
supportcase37.mps.gz,-6407.838233568059,239.613
supportcase39.mps.gz,-1085325.2306985413,192.707
supportcase40.mps.gz,22536.483378767967,184.582
supportcase41.mps.gz,28.0,194.488
supportcase42.mps.gz,7.3435965453418675,235.402
supportcase43.mps.gz,0.0,676.664
supportcase4.mps.gz,0.0,163.238
supportcase6.mps.gz,45090.732163463355,302.078
supportcase7.mps.gz,-2396.218213128258,392.254
swath2.mps.gz,334.49685810000005,130.531
swath.mps.gz,334.49685810000005,127.910
System02_Example001.mps.gz,1301936.1710154195,357.562
T1_300_5000_0.mps.gz,264.8788146829258,113.156
t1717.mps.gz,134531.0214284176,251.047
t1722.mps.gz,98815.40761087406,177.844
T2_200_2000_0.mps.gz,1012.9090909090909,111.992
T2_300_1000_0.mps.gz,721.0,113.492
ta-BPWC_5_4_10.mps.gz,20.00000000000001,141.359
ta-BPWC_5_7_3.mps.gz,20.00000000000001,148.527
tanglegram4.mps.gz,0.0,326.426
tanglegram6.mps.gz,0.0,149.801
tbfp-bigm.mps.gz,-178.1539880549008,173.617
tbfp-network.mps.gz,23.261535493717908,182.773
timtab1CUTS.mps.gz,613590.0954260388,111.613
timtab2.mps.gz,83592.0,116.430
tokyometro.mps.gz,285.15625,140.934
toll-like.mps.gz,0.0,124.344
tpl-tub-ss16.mps.gz,150343.7862781617,1885.547
tpl-tub-ws1617.mps.gz,120698.03424047235,1873.031
traininstance2.mps.gz,0.0,147.680
transportmoment.mps.gz,-70929535815.38005,139.742
trd445c.mps.gz,-158420.57871552373,202.352
trdca23002.mps.gz,-29596.867367064915,150.234
trdcrooms.mps.gz,620425857.14503,890.930
trdHard5600-6.mps.gz,-24854.9373961929,132.668
trdHardCA4500-8.mps.gz,-13256.837907184732,132.484
trdnc18.mps.gz,-44197.59824833003,143.121
trdnc.mps.gz,-6679791.5,184.516
trdta0010.mps.gz,465793.00721401913,127.352
trdta5581.mps.gz,16021689.415340977,799.426
trdta8265.mps.gz,-187030.84417465227,185.984
trdta99.mps.gz,225364.8845866605,218.785
trdtatl9220.mps.gz,2647911.9700939013,144.406
trdtaunimep.mps.gz,1481830.2477746343,152.223
trento1.mps.gz,5182758.848055615,131.246
triptim1.mps.gz,22.868087500333786,390.160
triptim3.mps.gz,13.51174147427082,495.316
tw-myciel4.mps.gz,3.8380281690140836,139.305
uccase10.mps.gz,38988.69346922663,459.730
uc-case11.mps.gz,611267.0130020747,248.793
uccase12.mps.gz,11507.285323905237,276.199
uc-case3.mps.gz,7181.264177296404,261.359
uccase7.mps.gz,26527.789654232874,186.695
uccase8.mps.gz,11142.163195513474,250.203
uct-subprob.mps.gz,241.99999999999997,129.164
umts.mps.gz,29129565.16134437,125.879
unitcal_7.mps.gz,19387553.381271124,204.801
unitcc.mps.gz,74033.14137540583,2883.129
usafa.mps.gz,11.961748697905724,2406.734
v150d30-2hopcds.mps.gz,27.617490375272816,123.625
v150_d50_2hopCDS.mps.gz,5.244476087366095,129.281
van.mps.gz,1.7235201316055853,265.602
var-smallemery-m6j6.mps.gz,-156.0562681225369,267.176
vpm1.mps.gz,15.416666666666666,113.023
vpphard2.mps.gz,0.0,382.414
vpphard.mps.gz,0.0,234.355
wachplan.mps.gz,-9.0,129.180
wnq-n100-mw99-14.mps.gz,185.26315789473688,770.914
woodlands09.mps.gz,0.0,771.504
wqueens-100.mps.gz,0.0,121.480
wqueens-200.mps.gz,0.0,134.324
wqueens-300.mps.gz,0.0,223.500
wqueens-50.mps.gz,0.0,114.359
xhstt-italyp.mps.gz,26.99999999998181,250.715
xhstt-spainp.mps.gz,300.25000000000637,262.867
xmas10-2.mps.gz,-548.9046842370639,140.039
xmas10.mps.gz,-548.904684237064,145.023
yue20013.1.150.mps.gz,0.0,119.996
yue20023.1.150.mps.gz,0.0,122.922
z26.mps.gz,-1651.9375000000005,1016.469
zeil.mps.gz,813.5103081504857,503.070
zib54-UUE.mps.gz,3875862.8625892866,130.133
P1.mps.gz,21.667968946089168,363.762
